{"X":{"2017HB0021":0.0,"2017HB0001":1.3959831601,"2017HB0002":1.3923464444,"2017HB0003":1.3829911344,"2017HB0004":1.3997398801,"2017HB0005":1.3875031821,"2017HB0006":1.4092544971,"2017HB0007":1.3916694491,"2017HB0008":1.4124339898,"2017HB0028":1.4270934501,"2017HB0165":1.3999058489,"2017HB0212":1.3735596951,"2017HB0123":1.400934833,"2017HB0433":1.394232756,"2017HB0138":1.4084859789,"2017HB0114":1.3872856903,"2017HB0292":1.4037101342,"2017HB0274":1.3600117122,"2017HB0251":1.421930108,"2017HB0311":1.4014766272,"2017HB0033":1.4090842756,"2017HB0034":1.4168139888,"2017HB0068":1.4126569458,"2017HB0293":1.3889659934,"2017HB0105":1.3996488774,"2017HB0218":1.4057971702,"2017HB0016":1.3968663205,"2017HB0101":1.4336940891,"2017HB0185":1.4064749603,"2017HB0459":1.372821537,"2017HB0152":1.3702190284,"2017HB0067":1.4130496611,"2017HB0011":1.3193533035,"2017HB0119":1.0621556011,"2017HB0163":1.314610048,"2017HB0166":1.3503584188,"2017HB0282":1.3700505179,"2017HB0392":1.4139795381,"2017HB0118":1.4082808028,"2017HB0181":1.4104950966,"2017HB0084":1.3894015221,"2017HB0037":1.3812620247,"2017HB0180":1.3693447622,"2017HB0113":1.4308133395,"2017HB0172":1.384196337,"2017HB0106":1.3688222902,"2017HB0425":1.3476620678,"2017HB0313":1.3753891355,"2017HB0070":1.2664951921,"2017HB0032":1.2933547878,"2017HB0026":1.3005538739,"2017HB0229":1.4319198974,"2017HB0432":1.303784975,"2017HB0158":1.441891719,"2017HB0195":1.4041517919,"2017HB0077":1.4320915957,"2017HB0188":1.3301714913,"2017HB0036":1.3892053622,"2017HB0416":1.4243997745,"2017HB0219":1.4179203651,"2017HB0273":1.4491405687,"2017HB0196":1.3087425362,"2017HB0040":1.3495061215,"2017HB0047":1.3870928469,"2017HJR003":1.2735367476,"2017HB0207":1.3110181494,"2017HJR017":1.1874076453,"2017HB0359":1.407492027,"2017HB0393":1.4085759658,"2017HB0253":1.408907433,"2017HB0083":1.4173427258,"2017HB0178":1.4062120345,"2017HB0227":1.4080521746,"2017HB0261":1.4132872677,"2017HB0146":1.4126677658,"2017HB0050":1.4074664216,"2017HB0175":1.4129677869,"2017HB0075":1.3202149222,"2017HB0157":1.4230233526,"2017HB0201":1.4022127607,"2017HB0343":1.3949208852,"2017HB0252":1.3638205045,"2017HB0206":1.4126395197,"2017HB0198":1.3956018348,"2017HB0174":1.4104407086,"2017HB0407":1.403231745,"2017HJR005":1.4237181598,"2017HB0324":1.3997121593,"2017HB0164":1.4129823137,"2017HB0222":1.4097124262,"2017HB0380":1.4289089167,"2017HB0149":1.3954810661,"2017HB0150":1.4167798735,"2017HB0199":1.4052617432,"2017HB0145":1.4179476746,"2017HB0017":1.3942950983,"2017HB0197":1.4098169255,"2017HB0239":1.3826311452,"2017HB0125":1.3185471773,"2017HB0090":1.3907242298,"2017HB0042":1.3804823759,"2017HB0400":1.4180124572,"2017HB0154":1.3668407764,"2017HB0336":1.3852193277,"2017HB0092":1.3903440213,"2017HB0209":1.4087785496,"2017HB0404":1.4206562751,"2017HB0027":1.3955679566,"2017HB0288":1.4009251273,"2017HB0126":1.4534074456,"2017HB0062":1.3957851279,"2017HB0038":1.3695986353,"2017HB0249":1.4610068692,"2017HB0133":1.4511182185,"2017HB0204":1.4498927389,"2017HB0091":1.345068368,"2017HJR015":1.4121962019,"2017HJR006":1.411133902,"2017HB0064":1.2755486837,"2017HB0258":1.3637630316,"2017HB0190":1.4102657308,"2017HB0059":1.4037552872,"2017HB0104":1.3840180068,"2017HB0183":1.3794895196,"2017HB0265":1.3977133156,"2017HB0240":1.4261501887,"2017HB0109":1.3783237398,"2017HB0389":1.3867105935,"2017HB0346":1.407439664,"2017HB0390":1.413990241,"2017HB0381":1.4097119915,"2017HB0354":1.4089532856,"2017HB0098":1.3875838357,"2017HB0035":1.4017115534,"2017HB0108":1.4068293568,"2017HB0345":1.3637104363,"2017HB0460":1.4918269463,"2017HB0250":1.401020731,"2017HB0162":1.4148776678,"2017HB0155":1.4091684479,"2017HB0058":1.3895768564,"2017HB0121":1.3924561695,"2017HB0051":1.3994458344,"2017HB0082":1.4260359783,"2017HB0161":1.3804596253,"2017HB0192":1.38072172,"2017HB0115":1.4120520269,"2017HB0296":1.4037101863,"2017HB0426":1.4095533531,"2017HJR009":1.3582917497,"2017HB0043":1.4172422028,"2017HB0394":1.4199385049,"2017HB0193":1.3162852685,"2017HB0080":1.4186033742,"2017HB0319":1.4010260007,"2017HB0243":1.3707070393,"2017HB0328":1.3758787134,"2017HB0448":1.3755856082,"2017HB0414":1.3964098839,"2017HB0060":1.3759897251,"2017HB0089":1.4003391202,"2017HB0279":1.3887546674,"2017HB0308":1.3959768399,"2017HB0396":1.3949042819,"2017HB0141":1.3773966589,"2017HB0246":1.3760657247,"2017HB0069":1.3340153171,"2017HB0194":1.4287944718,"2017HB0453":1.4442175122,"2017HB0110":1.3910289011,"2017HB0297":1.3819315855,"2017HB0023":1.3300166148,"2017HB0048":1.3913465466,"2017HB0315":1.390901804,"2017HB0358":1.3993662329,"2017HB0129":1.3960469748,"2017HB0379":1.2623731707,"2017HB0386":1.3264780569,"2017HJR007":1.1636751196,"2017HB0184":1.132600376,"2017HB0236":1.4220098007,"2017HB0063":1.4130121206,"2017HB0095":1.4188302737,"2017HB0268":1.4228959819,"2017HB0013":1.1931255775,"2017HB0214":0.9972594245,"2017HB0056":1.4655585552,"2017HB0182":1.4575932004,"2017HB0148":1.3985845408,"2017HB0344":1.377840317,"2017HB0217":1.4119080989,"2017HB0283":1.3843632206,"2017HB0413":1.3627622898,"2017HB0399":1.3531908478,"2017HB0435":1.3459679626,"2017HB0235":1.3763432338,"2017HB0210":1.4343565764,"2017HB0286":1.3630052376,"2017HB0461":1.4318204879,"2017HB0044":1.3696742043,"2017HB0100":1.4276520233,"2017HB0054":1.3639551457,"2017HB0267":1.2155439075,"2017HJR010":1.4380954698,"2017HJR011":1.4267678525,"2017HB0442":1.4393966448,"2017HB0355":1.4111813877,"2017HB0202":1.3226384153,"2017HB0376":1.3142934109,"2017HB0117":1.3883088129,"2017HB0430":1.3074751815,"2017HB0139":1.4418828942,"2017HB0262":1.3889628159,"2017HB0287":1.4174632836,"2017HB0320":1.4487407972,"2017HB0053":1.3834181755,"2017HB0248":1.3974599007,"2017HB0208":1.394614644,"2017HB0168":1.4009050748,"2017HB0096":1.3308194496,"2017HB0012":1.3933550319,"2017HB0086":1.4036257407,"2017HB0230":1.4074007105,"2017HB0415":1.4007731534,"2017HB0255":1.4293721244,"2017HB0065":1.4433269833,"2017HB0238":1.3979689014,"2017HB0066":1.4253042542,"2017HB0094":1.4056226946,"2017HB0186":1.4450359669,"2017HB0039":1.3401394112,"2017HJR004":1.3763768369,"2017HB0280":1.3931783301,"2017HB0030":1.3743582645,"2017HB0232":1.3669807116,"2017HB0301":1.3958501379,"2017HB0143":1.4165762895,"2017HB0025":1.3929783746,"2017HB0405":1.4214520228,"2017HB0041":1.3028868394,"2017HB0052":1.4141349255,"2017HB0160":1.4179862525,"2017HB0281":1.3872103248,"2017HB0303":1.3861775872,"2017HB0441":1.3912329626,"2017HB0278":1.3902049734,"2017HB0015":1.3228950811,"2017HB0156":1.4028512974,"2017HB0055":1.3441179023,"2017HB0446":1.3760185234,"2017HB0167":1.3995277968,"2017HB0099":1.3613469344,"2017HB0135":1.4240529027,"2017HB0431":1.3827836336,"2017HB0200":1.4225967167,"2017HB0369":1.3731207037,"2017HB0231":1.3824275544,"2017HB0191":1.4467863605,"2017HB0244":1.4323926044,"2017HB0429":1.4017862465,"2017HB0061":1.4234131869,"2017HB0142":1.4237194902,"2017HJR008":1.3782712462,"2017HB0124":1.3736180531,"2017HB0130":1.4212108536,"2017HB0136":1.43770404,"2017HB0211":1.4772037489,"2017HB0170":1.3793690262,"2017HB0391":1.3789063561,"2017HB0018":1.363654482,"2017HB0085":1.4002223132,"2017HB0245":1.388914338,"2017HB0046":1.3320378048,"2017HB0024":1.3281523488,"2017HB0398":1.4162765668,"2017HB0128":1.4126490549,"2017HB0031":1.3977841288,"2017HB0234":1.4041056461,"2017HB0272":1.3816888384},"cluster":{"2017HB0021":0,"2017HB0001":1,"2017HB0002":1,"2017HB0003":1,"2017HB0004":1,"2017HB0005":1,"2017HB0006":1,"2017HB0007":1,"2017HB0008":1,"2017HB0028":2,"2017HB0165":2,"2017HB0212":2,"2017HB0123":3,"2017HB0433":3,"2017HB0138":3,"2017HB0114":4,"2017HB0292":4,"2017HB0274":5,"2017HB0251":5,"2017HB0311":6,"2017HB0033":6,"2017HB0034":6,"2017HB0068":6,"2017HB0293":6,"2017HB0105":7,"2017HB0218":7,"2017HB0016":7,"2017HB0101":8,"2017HB0185":8,"2017HB0459":9,"2017HB0152":9,"2017HB0067":10,"2017HB0011":11,"2017HB0119":11,"2017HB0163":11,"2017HB0166":11,"2017HB0282":11,"2017HB0392":11,"2017HB0118":12,"2017HB0181":12,"2017HB0084":12,"2017HB0037":12,"2017HB0180":12,"2017HB0113":13,"2017HB0172":13,"2017HB0106":14,"2017HB0425":14,"2017HB0313":14,"2017HB0070":15,